﻿<?xml version="1.0" encoding="utf-8"?>
<component format="1" id="googleplayservices-location" is-shell="true">
  <name>Google Play Services - Location</name>
  <publisher>Xamarin Inc.</publisher>
  <publisher-url>http://xamarin.com</publisher-url>
  <version>42.1001.0.0</version>
  <summary>Add location awareness to your app with automated location tracking, geofencing, and activity recognition.</summary>
  <packages>
    <package id="Xamarin.GooglePlayServices.Location" version="42.1001.0" framework="android" />
  </packages>
  <samples>
    <sample id="LocationSample">
      <name>Location Sample</name>
      <summary>Location Sample</summary>
    </sample>
  </samples>
</component>